field,format,allowed_values_or_guide,notes
row_type,text,EXAMPLE|EXPERTS,Marks sample rows and the first row to complete.
pdf_name,text,Same value as in report_register,Use exactly the same name.
source_name,text,Same value as in report_register,Use exactly the same name.
axis,text,E|F|G,Axis influenced by the variable.
variable,text,Use suggested list or define other_variable,Experts may add any variables they need.
numeric_value,number,Use the numeric scale shown for each variable,"Experts may add as many variables as needed to justify E, F, and G."
evidence_pages,text,12|13|14-16,Pages are mandatory; notes and excerpts are optional.
(excerpt_or_note),optional text,short quote or summary,Use only if it helps explain the justification.
(expert_comment),optional text,additional explanation,Use to explain why one or more variables drive E/F/G.
""
axis,variable,description,numeric_scale,notes
E,economic_viability,Overall economic viability of the recovery project.,"0 unknown, 1 low, 2 medium, 3 high","Use the project as a whole, not one isolated commodity."
E,market_demand,Market demand for the overall material/product set.,"0 unknown, 1 low, 2 medium, 3 high","Consider market outlet, industrial demand, and sales potential."
E,estimated_value,Quality of value or revenue estimate.,"0 none, 1 rough, 2 preliminary, 3 detailed",Higher score if the report quantifies value or return.
E,estimated_cost,Quality of cost estimate.,"0 none, 1 rough, 2 preliminary, 3 detailed","Consider capex, opex, treatment, transport, permits, and closure."
E,social_acceptance,Social acceptance or absence of relevant conflict.,"0 unknown, 1 low, 2 medium, 3 high","Use consultations, local opposition, public acceptance, or support."
E,protected_area,Constraint linked to protected area or similar figure.,"0 unknown, 1 high restriction, 2 medium restriction, 3 low or no restriction",Score how favourable the condition is for viability.
E,environmental_restriction,Environmental or legal restriction.,"0 unknown, 1 high, 2 medium, 3 low",Lower scores mean more barriers.
E,environmental_impact,Expected environmental impact of the project.,"0 unknown, 1 high, 2 medium, 3 low","Score favourability, not document length."
E,regulatory_status,Maturity of permits and regulatory status.,"0 unknown, 1 not started, 2 in progress, 3 authorized or advanced","Use permits, concessions, approvals, and conditions."
E,permit_required,Remaining permitting burden.,"0 unknown, 1 high, 2 medium, 3 low or covered",Higher score means lower permitting barrier.
F,project_maturity,Overall project maturity.,"1 F1, 2 F2, 3 F3, 4 F4, 9 unknown",The final F category is recorded in the evaluation sheet.
F,project_defined,How clearly the project is defined.,"0 none, 1 conceptual, 2 partial, 3 well defined","Use process route, scope, product, and implementation plan."
F,study_level,Highest study level evidenced.,"0 none, 1 scoping, 2 PEA, 3 PFS/FS/operating",Use the highest clearly identified level.
F,development_status,Project development status.,"0 unknown, 1 early, 2 evaluation, 3 construction or operating","Look at the project, not only the mining asset."
G,boreholes,Support from boreholes or subsurface works.,"0 none, 1 low, 2 medium, 3 high",Applied to knowledge of the source as a whole.
G,sampling,Quality and coverage of sampling.,"0 none, 1 low, 2 medium, 3 high","Use amount, representativeness, and coverage."
G,chemical_composition,Confidence in chemical characterization.,"0 none, 1 low, 2 medium, 3 high",Applied to the material set and its valorisation potential.
G,physical_properties,Confidence in physical/mineralogical characterization.,"0 none, 1 low, 2 medium, 3 high","Examples: density, moisture, grain size, mineralogy."
G,spatial_distribution,Confidence in geometry and spatial distribution.,"0 none, 1 low, 2 medium, 3 high","Use topography, sections, modelling, continuity, or mapping."
G,observations,Support from field observations and interpretation.,"0 none, 1 low, 2 medium, 3 high","Site visits, logs, photos, direct observations, interpretation."
G,criticality,"Strategic criticality of the material set according to European regulation, market, or policy context.","0 unknown, 1 low, 2 medium, 3 high",New variable to reflect strategic importance of the materials.
E/F/G,other_variable,Additional variable defined by the expert if the list is not enough.,expert-defined,Allows experts to add all variables needed to justify the final classification.
""
row_type,pdf_name,source_name,axis,variable,numeric_value,evidence_pages,(excerpt_or_note),(expert_comment)
EXAMPLE,DMET_-_240523_Aguablanca_Technical_Report_PFS_Final.pdf,Aguablanca,E,economic_viability,3,"1-3,45-60",Variable highlighted by the expert to justify E.,Invented example.
EXAMPLE,DMET_-_240523_Aguablanca_Technical_Report_PFS_Final.pdf,Aguablanca,E,regulatory_status,3,"1-3,45-60",Another E variable relevant to the class.,Invented example.
EXAMPLE,DMET_-_240523_Aguablanca_Technical_Report_PFS_Final.pdf,Aguablanca,F,study_level,2,"1-3,45-60",Variable highlighted by the expert to justify F.,Invented example.
EXAMPLE,DMET_-_240523_Aguablanca_Technical_Report_PFS_Final.pdf,Aguablanca,F,project_defined,3,"1-3,45-60",Another F variable relevant to the class.,Invented example.
EXAMPLE,DMET_-_240523_Aguablanca_Technical_Report_PFS_Final.pdf,Aguablanca,G,sampling,2,"1-3,45-60",Variable highlighted by the expert to justify G.,Invented example.
EXAMPLE,DMET_-_240523_Aguablanca_Technical_Report_PFS_Final.pdf,Aguablanca,G,criticality,2,"1-3,45-60",New G variable: strategic criticality of the material set.,Invented example.
EXAMPLE,1._Cobre_Las_Cruces_Technical_Report_Feb_2024_FINAL.pdf,Cobre Las Cruces PMS / PMR,E,economic_viability,3,"15-17,80-110",Variable highlighted by the expert to justify E.,Invented example.
EXAMPLE,1._Cobre_Las_Cruces_Technical_Report_Feb_2024_FINAL.pdf,Cobre Las Cruces PMS / PMR,E,regulatory_status,3,"15-17,80-110",Another E variable relevant to the class.,Invented example.
EXAMPLE,1._Cobre_Las_Cruces_Technical_Report_Feb_2024_FINAL.pdf,Cobre Las Cruces PMS / PMR,F,study_level,1,"15-17,80-110",Variable highlighted by the expert to justify F.,Invented example.
EXAMPLE,1._Cobre_Las_Cruces_Technical_Report_Feb_2024_FINAL.pdf,Cobre Las Cruces PMS / PMR,F,project_defined,3,"15-17,80-110",Another F variable relevant to the class.,Invented example.
EXAMPLE,1._Cobre_Las_Cruces_Technical_Report_Feb_2024_FINAL.pdf,Cobre Las Cruces PMS / PMR,G,sampling,2,"15-17,80-110",Variable highlighted by the expert to justify G.,Invented example.
EXAMPLE,1._Cobre_Las_Cruces_Technical_Report_Feb_2024_FINAL.pdf,Cobre Las Cruces PMS / PMR,G,criticality,2,"15-17,80-110",New G variable: strategic criticality of the material set.,Invented example.
EXAMPLE,070912ElValleTechnicalReport.pdf,El Valle / Carlés / La Brueva / Godán,E,economic_viability,3,"1-2,56-90",Variable highlighted by the expert to justify E.,Invented example.
EXAMPLE,070912ElValleTechnicalReport.pdf,El Valle / Carlés / La Brueva / Godán,E,regulatory_status,3,"1-2,56-90",Another E variable relevant to the class.,Invented example.
EXAMPLE,070912ElValleTechnicalReport.pdf,El Valle / Carlés / La Brueva / Godán,F,study_level,2,"1-2,56-90",Variable highlighted by the expert to justify F.,Invented example.
EXAMPLE,070912ElValleTechnicalReport.pdf,El Valle / Carlés / La Brueva / Godán,F,project_defined,3,"1-2,56-90",Another F variable relevant to the class.,Invented example.
EXAMPLE,070912ElValleTechnicalReport.pdf,El Valle / Carlés / La Brueva / Godán,G,sampling,3,"1-2,56-90",Variable highlighted by the expert to justify G.,Invented example.
EXAMPLE,070912ElValleTechnicalReport.pdf,El Valle / Carlés / La Brueva / Godán,G,criticality,2,"1-2,56-90",New G variable: strategic criticality of the material set.,Invented example.
EXPERTS,PDF_NAME_HERE,SOURCE_NAME_HERE,E_F_OR_G,VARIABLE_HERE,NUMERIC_VALUE_HERE,PAGES_HERE,EXCERPT_OR_NOTE_HERE,EXPERT_COMMENT_HERE
